"apply(table, MARGIN = 1, FUN = mean)"
-0.465648308654686
0.716231587793847
0.867290899816148
-0.0574021476014343
0.0524888260550362
0.0428073067754825
0.0281751415911122
1.45864718087367
0.710490490746712
0.0047009281869741
0.105726420915598
-0.0455784187672113
-0.307288612765251
0.896389366829205
-0.164733267763409
-0.703820044883902
0.00574839380018926
0.698506433407345
0.320322175087588
0.379838940661117
1.56581243178647
-0.327572729817666
-0.557551537183747
-1.41873604754951
